,0
0,-0.44721359549995787
1,0.0
2,-0.447213595499958
3,-0.447213595499958
4,-0.0369177481369678
5,0.027064619385357525
6,-0.07338203548884345
7,-0.030088074565651046
8,0.041191313890828696
9,-0.04296152395231499
10,-0.447213595499958
11,0.0
12,-0.13819660112501053
13,-0.13819660112501053
14,0.017108994578745686
15,-0.016675475145095427
16,0.0531320311662947
17,0.0011613917866242006
18,-0.0019778507206105775
19,0.06290945667272181
20,-0.447213595499958
21,-0.0
22,0.8618033988749895
23,-0.13819660112501053
24,-0.011408211568377114
25,0.008363427336365123
26,-0.02267629604787825
27,-0.009297726368806799
28,0.01272881601289889
29,-0.013275841005511673
30,-0.447213595499958
31,-0.0
32,-0.13819660112501053
33,0.8618033988749895
34,-0.011408211568377104
35,0.008363427336365125
36,-0.022676296047878124
37,-0.009297726368806773
38,0.012728816012898889
39,-0.01327584100551176
40,-0.447213595499958
41,-0.0
42,-0.13819660112501053
43,-0.13819660112501053
44,0.04262517669497637
45,-0.027115998912992566
46,0.06560259641830499
47,0.04752213551664038
48,-0.06467109519601605
49,0.006603749290616705
50,-0.0
51,-0.0
52,0.0
53,0.0
54,0.06425143599759468
55,0.002451364844769078
56,0.003666013229357494
57,-0.004747691135052794
58,0.002816197449254329
59,-0.032727464836972545
60,-0.0
61,-0.0
62,0.0
63,0.0
64,-0.11271372802215805
65,0.025350506054468595
66,0.11781291599558398
67,-0.059691443558736526
68,-0.009249052888852317
69,-0.10344758733073452
70,-0.0
71,-0.0
72,0.0
73,0.0
74,0.025395315776559686
75,0.06840456083550008
76,0.06359705747280295
77,0.056922784652367414
78,0.10052882414395789
79,-0.16946226817107124
80,-0.0
81,-0.0
82,0.0
83,0.0
84,-0.03335356738546239
85,0.13017680301234189
86,-0.029358698465821717
87,-0.009884688744261946
88,-0.07787645316694881
89,-0.11210151415613598
90,-0.0
91,-0.0
92,0.0
93,0.0
94,-0.018091433936930655
95,-0.03663924931831768
96,-0.030944933390584666
97,-0.04088840910027219
98,-0.0338499037003819
99,0.022481469037574007
100,-0.0
101,-0.0
102,0.0
103,0.0
104,0.008646515352836117
105,-0.10461290122233621
106,-0.033514401362495096
107,0.022003771634136277
108,0.035534076958202036
109,-0.008393745003445066
110,-0.0
111,-0.0
112,0.0
113,0.0
114,0.06136838721396102
115,0.09359054133321727
116,0.010668647109263149
117,-0.12721760905699475
118,0.00793327405468251
119,-0.02011642247469174
120,-0.0
121,-0.0
122,0.0
123,0.0
124,0.11852635207109397
125,0.016028162451639263
126,0.0683845060865202
127,0.013123849436242762
128,-0.01874713048826229
129,-0.007636353889352631
130,-0.0
131,-0.0
132,0.0
133,0.0
134,0.004029327499784448
135,-0.05410477959880539
136,-0.049692887365401686
137,0.029388849376411546
138,-0.013203788090632766
139,0.10145007420728078
140,-0.0
141,-0.0
142,0.0
143,0.0
144,-0.007227178451906633
145,-0.009418220853335123
146,-0.027039461005729605
147,-0.10827687442780119
148,-0.055366588710175864
149,0.011548528612790026
150,-0.0
151,-0.0
152,0.0
153,0.0
154,-0.002893531793390134
155,0.015531574553949355
156,-0.03575192975104591
157,0.030877985728902047
158,-0.04081304678913287
159,0.013751569873435059
160,-0.0
161,-0.0
162,0.0
163,0.0
164,-0.019190319273513914
165,0.06555043392278566
166,-0.13542860443360222
167,0.011006513152340568
168,-0.020157841472345946
169,0.006825973070689109
170,-0.0
171,-0.0
172,0.0
173,0.0
174,-0.052153192705189776
175,0.008296220535570725
176,-0.02757916640288336
177,-0.013168146539266934
178,0.10602219314071044
179,0.01740263467139547
180,-0.0
181,-0.0
182,0.0
183,0.0
184,-0.05588984538178994
185,0.0699108216412455
186,-0.06426546866431324
187,-0.055050737299155154
188,0.0020352124888608565
189,0.008166643996007661
190,-0.0
191,-0.0
192,0.0
193,0.0
194,0.04999753576989277
195,0.03118856051442744
196,0.025986199203000732
197,-0.04088505552846646
198,-0.06863423129692432
199,0.03991049290937481
200,-0.0
201,-0.0659380473395787
202,0.0
203,0.0
204,0.05921899080263698
205,-0.023119455559027276
206,0.05864403904958426
207,0.009760548260917023
208,0.037445950502712384
209,-0.024573378432943736
210,-0.0
211,-0.0659380473395787
212,0.0
213,0.0
214,0.05972099396170672
215,0.04836324976902102
216,0.029922521948125887
217,0.029215648544918815
218,-0.049229198673788666
219,-0.03403385090160175
220,-0.0
221,-0.0659380473395787
222,0.0
223,0.0
224,-0.04008690461215747
225,-0.005521560660843673
226,0.001428318158195559
227,-0.01809122066721048
228,0.10608166240085926
229,0.026270175022374224
230,-0.0
231,-0.0659380473395787
232,0.0
233,0.0
234,-0.0033804302820511075
235,-0.08182170295187469
236,-0.04314951205776357
237,-0.03769756618749799
238,0.09004691430984678
239,0.003761553217242104
240,-0.0
241,-0.0659380473395787
242,0.0
243,0.0
244,-0.05304059600853082
245,0.10664117421549683
246,0.123326378511391
247,-0.008589937043049634
248,0.08325224717606287
249,0.11788338621981619
250,-0.0
251,-0.0659380473395787
252,0.0
253,0.0
254,-0.10300061905190633
255,-0.01876259570759076
256,0.11772513313849271
257,0.05700197963800859
258,-0.05908102661842442
259,-0.08145692728261231
260,-0.0
261,-0.0659380473395787
262,0.0
263,0.0
264,0.06640707522328762
265,0.01193206552480236
266,0.020483483434803332
267,-0.04650029049654243
268,0.027162405189387243
269,0.0415644762669743
270,-0.0
271,-0.0659380473395787
272,0.0
273,0.0
274,-0.061450647192080335
275,-0.03296506099047418
276,-0.06378692569725664
277,-0.016580358512515617
278,-0.07367136401818379
279,-0.05246378232335753
280,-0.0
281,-0.0659380473395787
282,0.0
283,0.0
284,-0.13018046382228837
285,-0.06469701657253403
286,0.04670835816495815
287,0.16390070528184605
288,0.01058451470144471
289,0.007881989238324187
290,-0.0
291,-0.0659380473395787
292,0.0
293,0.0
294,0.0005874558049180815
295,0.0035801263858061395
296,0.045753225690212104
297,0.043954806987395546
298,-0.06287438364384855
299,-0.01439741855476135
300,-0.0
301,-0.0659380473395787
302,0.0
303,0.0
304,-0.1676486294235633
305,-0.07956495204020816
306,-0.0775103148779739
307,-0.02931971999185564
308,-0.04526366469672409
309,0.0205939516803639
310,-0.0
311,-0.0659380473395787
312,0.0
313,0.0
314,0.06628369795889377
315,-0.08598966014422278
316,-0.1060861903497778
317,0.030092802897036138
318,-0.03187179902912309
319,0.07316925790642936
320,-0.0
321,-0.0659380473395787
322,0.0
323,0.0
324,-0.054029920360735326
325,-0.11645411007894461
326,0.14080181878092957
327,-0.018033857801895425
328,0.017916682820040795
329,-0.08150230502608383
330,-0.0
331,-0.0659380473395787
332,0.0
333,0.0
334,0.024737442482338542
335,0.011412394709453128
336,0.07653527351012808
337,-0.008420683740819654
338,0.10621408822336426
339,0.02124561099891904
340,-0.0
341,-0.0659380473395787
342,0.0
343,0.0
344,0.007387920524743794
345,-0.025637688267016064
346,-0.05291023640760689
347,0.015121784731132721
348,-0.016697770228786765
349,-0.011467278099783868
350,-0.0
351,-0.0659380473395787
352,0.0
353,0.0
354,0.04154111226307764
355,0.038991599735814265
356,0.09371918663810987
357,0.05490373875627016
358,-0.09068215191825962
359,-0.0026038465292109163
360,-0.0
361,-0.0659380473395787
362,0.0
363,0.0
364,-0.058151516236242796
365,0.010746230316697152
366,-0.0492792270788024
367,0.004171181212972382
368,0.14650187411382695
369,0.03841548417395751
370,-0.0
371,-0.0659380473395787
372,0.0
373,0.0
374,0.09427058535789938
375,0.029780157919717214
376,0.049927842663022935
377,0.10924239565780272
378,0.11602537168406868
379,-0.03838012263752247
380,-0.0
381,-0.0659380473395787
382,0.0
383,0.0
384,-0.016260825042500534
385,0.07298797896243792
386,-0.06239486940240638
387,-0.16576005704815996
388,0.03222851968920643
389,-0.06598940263075122
390,-0.0
391,-0.0659380473395787
392,0.0
393,0.0
394,0.13464174161736145
395,0.046311886805280686
396,-0.010838916232036026
397,-0.05980012676104757
398,-0.015460428139515035
399,-0.04117638249739185
400,-0.0
401,-0.0659380473395787
402,0.0
403,0.0
404,0.04357319601614606
405,0.05299084557222202
406,0.011185248802977131
407,0.16813110171781417
408,-0.07149633601901816
409,0.04465243362788928
410,-0.0
411,-0.0659380473395787
412,0.0
413,0.0
414,0.06137437366232002
415,-0.10145088230655977
416,0.009599030150483126
417,-0.0005617041372802457
418,0.07626518860856463
419,-0.11076397098180939
420,-0.0
421,-0.0659380473395787
422,0.0
423,0.0
424,-0.01477848507616849
425,-0.019518591387207695
426,-0.10157853437134183
427,0.07289208842154643
428,-0.08285294031195885
429,-0.07266614553031686
430,-0.0
431,-0.0659380473395787
432,0.0
433,0.0
434,0.06501169123749823
435,-0.02130649815970793
436,-0.05880908401406921
437,0.051370811066214876
438,0.03908529264586266
439,-0.041630916005699646
440,-0.0
441,-0.0659380473395787
442,0.0
443,0.0
444,-0.050481876358896276
445,0.04066689824987939
446,-0.049415905495923396
447,-0.10888998819394395
448,0.03959244375452209
449,-0.022156595064479694
450,-0.0
451,-0.0659380473395787
452,0.0
453,0.0
454,0.147327779482566
455,0.03855011361805737
456,0.1323139028826076
457,-0.005088820088321896
458,-0.04540785184589451
459,0.008371799535188677
460,-0.0
461,-0.0659380473395787
462,0.0
463,0.0
464,0.06508793849866311
465,-0.10790760300415064
466,-0.03597113469790879
467,-0.010040043023319711
468,-0.06764435205633129
469,-0.0008081226616698592
470,-0.0
471,-0.0659380473395787
472,0.0
473,0.0
474,-0.02762216111124681
475,0.00982828858802162
476,-0.10896287307595594
477,0.1385856150746089
478,0.06126705610082736
479,-0.10508037080555711
480,-0.0
481,-0.0659380473395787
482,0.0
483,0.0
484,0.051619540420970646
485,0.0027002356634300046
486,0.08645325602425162
487,0.060544074721336605
488,0.03405599343662806
489,-0.05197049511204075
490,-0.0
491,-0.0659380473395787
492,0.0
493,0.0
494,-0.06888334438078074
495,-0.06999675473507692
496,-0.0700173670653569
497,0.08778727263435296
498,0.0640925054010432
499,-0.03670619721279835
500,-0.0
501,-0.0659380473395787
502,0.0
503,0.0
504,-0.0059888207613643975
505,0.011025755514492105
506,0.056683149609105775
507,-0.018384204676331402
508,0.025221971553352908
509,-0.04704898400959172
510,-0.0
511,-0.0659380473395787
512,0.0
513,0.0
514,-0.042529682190278625
515,0.012771092815851556
516,0.06356145610504849
517,-0.0517684556986805
518,0.11492067187264667
519,0.019402882069026205
520,-0.0
521,-0.0659380473395787
522,0.0
523,0.0
524,0.09433868508019085
525,0.09351488246518225
526,0.0917877995071416
527,-0.10227634152947056
528,-0.0019195884683703365
529,0.03647075372684587
530,-0.0
531,-0.0659380473395787
532,0.0
533,0.0
534,0.025197226187420305
535,0.038797101897906416
536,-0.0009498410936469519
537,-0.006129619472933126
538,-0.04384273492498465
539,-0.09716518907414805
540,-0.0
541,-0.0659380473395787
542,0.0
543,0.0
544,0.02647714583852802
545,-0.03164955019067178
546,0.07269151887946762
547,0.13591132528815886
548,-0.030054158931072397
549,0.15494385346079229
550,-0.0
551,-0.0659380473395787
552,0.0
553,0.0
554,-0.022838307931367003
555,-0.07490200902839687
556,-0.0007093643216817332
557,-0.008396713933203546
558,0.036119296131973726
559,-0.132711133272047
560,-0.0
561,-0.0659380473395787
562,0.0
563,0.0
564,-0.02208117353107557
565,-0.009778878088604977
566,-0.07215911873937877
567,0.08071207008767078
568,-0.06826709641767927
569,-0.08848871402982085
570,-0.0
571,-0.0659380473395787
572,0.0
573,0.0
574,0.10410878030062151
575,-0.04026191660070828
576,-0.008541003410819073
577,0.002438866527323404
578,-0.08217605001840166
579,-0.10345306886516487
580,-0.0
581,-0.0659380473395787
582,0.0
583,0.0
584,-0.004123947020439397
585,0.011144511387570923
586,0.045878180359165716
587,-0.01748363654855987
588,0.03150737569732175
589,0.17106629804812112
590,-0.0
591,-0.0659380473395787
592,0.0
593,0.0
594,-0.09172843955587902
595,-0.006538291781877776
596,0.06867062273734988
597,0.08574563948762386
598,-0.032337475724499076
599,0.042581218606159855
600,-0.0
601,-0.0659380473395787
602,0.0
603,0.0
604,0.04146828171257781
605,0.018137037071100804
606,0.05648325292868217
607,-0.05310311064116921
608,0.03828077875953785
609,0.046364217710266525
610,-0.0
611,-0.0659380473395787
612,0.0
613,0.0
614,-0.1187297770993989
615,-0.002217281828484959
616,0.02101588280975447
617,-0.027263738710009512
618,-0.05795980606289263
619,-0.025572697423759453
620,-0.0
621,-0.0659380473395787
622,0.0
623,0.0
624,-0.23256775219308937
625,0.07579493282103425
626,-0.00047008094283834245
627,-0.051466275638288074
628,-0.05299385389397111
629,0.0058186272535567084
630,-0.0
631,-0.0659380473395787
632,0.0
633,0.0
634,-0.07826323286224907
635,0.0032605338921789535
636,-0.08055055456132464
637,0.08459805195688518
638,-0.011796212853357786
639,-0.017728874195976334
640,-0.0
641,-0.0659380473395787
642,0.0
643,0.0
644,0.025370067710432834
645,0.018850921138365756
646,-0.026056449435603996
647,-0.011856025496778416
648,-0.04403733878759279
649,0.029905392513610428
650,-0.0
651,-0.0659380473395787
652,0.0
653,0.0
654,0.009514599984476119
655,-0.05468838740153092
656,-0.016666742588966086
657,-0.05540242794763722
658,0.0385019583610077
659,-0.02228265159649352
660,-0.0
661,-0.0659380473395787
662,0.0
663,0.0
664,-0.03630242919255507
665,0.061876698975971305
666,-0.07549471498247701
667,-0.009317586399974716
668,-0.12632102183497942
669,-0.021537055086042076
670,-0.0
671,-0.0659380473395787
672,0.0
673,0.0
674,-0.06679083309099595
675,-0.05411337111254313
676,-0.09478259526404154
677,-0.04948976553203855
678,-0.019560786222714947
679,0.11634332001265324
680,-0.0
681,-0.0659380473395787
682,0.0
683,0.0
684,0.039958552645014335
685,-0.03871907195172851
686,-0.11030925966536924
687,0.10918089195960291
688,-0.003374264553928895
689,0.10768542843954874
690,-0.0
691,-0.0659380473395787
692,0.0
693,0.0
694,0.04227268326555406
695,-0.01025062009836671
696,-0.06086864781275021
697,-0.10166921388832054
698,0.019074241024957604
699,-0.024830015272916738
700,-0.0
701,-0.0659380473395787
702,0.0
703,0.0
704,-0.052016408724270234
705,0.08300738991143947
706,-0.04665178000198679
707,-0.057054183521053486
708,-0.0690339661722563
709,-0.047778441287654155
710,-0.0
711,-0.0659380473395787
712,0.0
713,0.0
714,0.09180308981324897
715,0.03482780215395623
716,-0.15632646474049924
717,-0.10894137583107505
718,-0.1733485210180966
719,0.034512648235076285
720,-0.0
721,-0.0659380473395787
722,0.0
723,0.0
724,-0.04759029053210279
725,-0.16068436285162307
726,-0.013571237021930485
727,-0.1744157405570223
728,0.06502597628952476
729,-0.02687096965639119
730,-0.0
731,-0.0659380473395787
732,0.0
733,0.0
734,0.09066458193072036
735,0.02642554547062984
736,0.007171498129788539
737,0.05365047232198833
738,-0.024682913974574193
739,-0.06588729069822032
740,-0.0
741,-0.0659380473395787
742,0.0
743,0.0
744,0.05781793936786614
745,0.112624302406421
746,-0.0006622235367232984
747,0.05075579433379358
748,-0.01759798463630796
749,0.04349658891905072
750,-0.0
751,-0.0659380473395787
752,0.0
753,0.0
754,0.11327177010680536
755,0.0246137050569907
756,0.04292131430754253
757,-0.0242914171538654
758,-0.03547225617633
759,-0.052045574884396165
760,-0.0
761,-0.0659380473395787
762,0.0
763,0.0
764,0.09231870441424145
765,-0.062145204275030216
766,0.14852946518865115
767,0.04537801907263741
768,0.12085914260598563
769,-0.020405262518763564
770,-0.0
771,-0.0659380473395787
772,0.0
773,0.0
774,0.01518858109872146
775,-0.004285138622331201
776,0.038305546929233755
777,-0.03481542696432547
778,-0.032432295259048026
779,-0.04006482939581828
780,-0.0
781,-0.0659380473395787
782,0.0
783,0.0
784,0.03110937328066318
785,0.09247849258218066
786,-0.10601916938982743
787,-0.03877574299386613
788,-0.09265381447246096
789,0.06690042395837441
790,-0.0
791,-0.0659380473395787
792,0.0
793,0.0
794,-0.02176755539995924
795,0.03964090953229965
796,-0.1643880210660057
797,0.06797792553081108
798,0.03380733235428962
799,-0.03719037239150061
800,-0.0
801,-0.0659380473395787
802,0.0
803,0.0
804,0.05071794721792842
805,-0.1441619925894746
806,-0.056523519348925105
807,-0.009017286492970313
808,0.044114553739183396
809,0.0007677833338739061
810,-0.0
811,-0.0659380473395787
812,0.0
813,0.0
814,0.037429418185843506
815,-0.05540666985417204
816,0.08106517352302427
817,0.012765394069736416
818,0.07055729407883662
819,-0.04399999349479925
820,-0.0
821,-0.0659380473395787
822,0.0
823,0.0
824,-0.020207682871128417
825,0.04045066141166974
826,0.06067499111279776
827,-0.05547488667165082
828,-0.01573694147263287
829,0.030339662189590832
830,-0.0
831,-0.0659380473395787
832,0.0
833,0.0
834,-0.018180864204551735
835,-0.02656995679078101
836,-0.07444782859039187
837,-0.052631944738402894
838,0.06787373717949394
839,-0.11390971504986508
840,-0.0
841,-0.0659380473395787
842,0.0
843,0.0
844,0.05723615179872131
845,-0.06863981116046698
846,0.05849483547225715
847,-0.043710212917812415
848,-0.07233586896949405
849,0.03605816508031013
850,-0.0
851,-0.0659380473395787
852,0.0
853,0.0
854,0.02844412953324451
855,-0.07081879802439228
856,-0.040885878119388555
857,0.08751840259504125
858,-0.0033382969829190965
859,-0.0010669313948742701
860,-0.0
861,-0.0659380473395787
862,0.0
863,0.0
864,-0.015840526317115244
865,0.011818594731752124
866,-0.009184229116247467
867,0.0931474504308208
868,-0.013102539596990492
869,-0.05089332984360134
870,-0.0
871,-0.0659380473395787
872,0.0
873,0.0
874,-0.12177777345854077
875,-0.006952947175335706
876,0.09105825770682846
877,-0.015095738048542461
878,-0.07662835437662324
879,0.03489757290706256
880,-0.0
881,-0.0659380473395787
882,0.0
883,0.0
884,0.06284807200500578
885,0.06588128039336652
886,0.01580085128424325
887,-0.02697643899132287
888,0.011490138978406627
889,0.00919773710890002
890,-0.0
891,-0.0659380473395787
892,0.0
893,0.0
894,0.02719242401891887
895,0.13723867225493658
896,-0.0008257959474564663
897,-0.06959972466240841
898,0.037346008338232616
899,-0.040873768306204726
900,-0.0
901,-0.0659380473395787
902,0.0
903,0.0
904,0.07582876632989785
905,0.11137795769623018
906,0.09333706482440395
907,0.03439313412631168
908,0.013634600587040871
909,0.0008077463978893936
910,-0.0
911,-0.0659380473395787
912,0.0
913,0.0
914,0.030093198720442027
915,-0.03125402591241465
916,0.005088809615728702
917,0.00931953276460003
918,-0.03723306516757684
919,0.03426601280063296
920,-0.0
921,-0.0659380473395787
922,0.0
923,0.0
924,-0.008178765869763523
925,-0.18976727810784508
926,-0.03569492694410536
927,0.03900668074240604
928,0.01888738660299192
929,0.04558929831621966
930,-0.0
931,-0.0659380473395787
932,0.0
933,0.0
934,-0.049568026374019004
935,-0.04756637126792561
936,-0.0061834033046325185
937,-0.031834165534330286
938,0.022027228813527724
939,0.002989162798258541
940,-0.0
941,-0.0659380473395787
942,0.0
943,0.0
944,0.05358354474609502
945,0.04633767777331611
946,0.06306024198559636
947,-0.08332495999724014
948,-0.05362634372994884
949,-0.0567917797866535
950,-0.0
951,-0.0659380473395787
952,0.0
953,0.0
954,0.0010893583093208401
955,0.037005776638352035
956,-0.017397352754618095
957,0.007161973470354906
958,0.07107100162339865
959,0.022347158136353382
960,-0.0
961,-0.0659380473395787
962,0.0
963,0.0
964,-0.035250831567346576
965,-0.07758537335499767
966,0.058782690690841057
967,0.004350455879311303
968,-0.023454867666968908
969,-0.050617885734653645
970,-0.0
971,-0.0659380473395787
972,0.0
973,0.0
974,-0.12563165120415798
975,-0.02087452344991562
976,-0.04504829269829916
977,-0.06563770561191704
978,0.04309449346820428
979,-0.039653024345261474
980,-0.0
981,-0.0659380473395787
982,0.0
983,0.0
984,0.032718787367982796
985,0.021914604818165196
986,0.035884854582052365
987,0.06049967085799829
988,0.0039181410820236144
989,0.0709639474924653
990,-0.0
991,-0.0659380473395787
992,0.0
993,0.0
994,-0.028712465159130778
995,0.022834747967308812
996,0.02512634049381273
997,-0.0015633597991850958
998,-0.008200029165347454
999,-0.08011975909601378
1000,-0.0
1001,-0.0659380473395787
1002,0.0
1003,0.0
1004,0.07100505630638257
1005,0.04920252097014134
1006,0.026944937185413263
1007,-0.08042434961290021
1008,0.08327130668341126
1009,-0.16599722790338853
1010,-0.0
1011,-0.0659380473395787
1012,0.0
1013,0.0
1014,-0.0770156411738309
1015,0.06015371748637059
1016,0.08083157539537279
1017,0.0057825633668368796
1018,-0.01159741692265263
1019,-0.026475132567851226
1020,-0.0
1021,-0.0659380473395787
1022,0.0
1023,0.0
1024,-0.04492831096160687
1025,-0.048765080384076884
1026,0.06837984253975514
1027,0.03681847808032288
1028,0.09003078129598983
1029,-0.050048503569677744
1030,-0.0
1031,-0.0659380473395787
1032,0.0
1033,0.0
1034,-0.020847180895682653
1035,0.04502399110814675
1036,-0.07314407141658681
1037,0.06019257995885721
1038,-0.10176144173998558
1039,-0.0100095218927107
1040,-0.0
1041,-0.0659380473395787
1042,0.0
1043,0.0
1044,-0.034320818550650056
1045,0.07586041043943546
1046,-0.008544682490105815
1047,0.02669038548186204
1048,-0.03608820342255455
1049,-0.060715452247349345
1050,-0.0
1051,-0.0659380473395787
1052,0.0
1053,0.0
1054,-0.020184324895468814
1055,0.09803675871649414
1056,5.7901890191963905e-05
1057,0.045521581376890545
1058,-0.0297760392522923
1059,0.12376296509838465
1060,-0.0
1061,-0.0659380473395787
1062,0.0
1063,0.0
1064,-0.045354020307840644
1065,0.03538875250087579
1066,0.026222411696004845
1067,0.12433032214266461
1068,0.09905958112807818
1069,0.06457706397774038
1070,-0.0
1071,-0.0659380473395787
1072,0.0
1073,0.0
1074,0.005692082948350484
1075,-0.10135329537450631
1076,0.057670148482576414
1077,0.03451139071314148
1078,0.03375748700413348
1079,0.034794343705521875
1080,-0.0
1081,-0.0659380473395787
1082,0.0
1083,0.0
1084,0.027197812768287952
1085,0.043029430702794295
1086,-0.03539322929437659
1087,-0.10537049733893533
1088,0.001972936922377885
1089,0.07203267313880676
1090,-0.0
1091,-0.0659380473395787
1092,0.0
1093,0.0
1094,0.05887958242183778
1095,0.008897459740073024
1096,-0.03325568424987118
1097,0.011582237421096715
1098,-0.038257819155112754
1099,-0.05105542916039956
1100,-0.0
1101,-0.0659380473395787
1102,0.0
1103,0.0
1104,-0.011458922720809568
1105,0.06285103287362712
1106,0.03128982267330691
1107,0.08446632592370337
1108,0.003291470399072083
1109,0.023823536639896503
1110,-0.0
1111,-0.0659380473395787
1112,0.0
1113,0.0
1114,0.08742172219611988
1115,-0.06323617466903579
1116,0.07831237901551028
1117,0.00036610840015588794
1118,-0.015338099976779823
1119,-0.0751685183382178
1120,-0.0
1121,-0.0659380473395787
1122,0.0
1123,0.0
1124,-0.03351345069600226
1125,-0.06635677671592793
1126,-0.04554704842250615
1127,-0.012108597082491561
1128,0.03826580284695376
1129,0.01694048575824597
1130,-0.0
1131,-0.0659380473395787
1132,0.0
1133,0.0
1134,-0.12103798773235545
1135,0.02948119650385929
1136,-0.04508834373167471
1137,-0.06971866356568751
1138,-0.0062086521408861485
1139,0.0467306852426468
1140,-0.0
1141,-0.0659380473395787
1142,0.0
1143,0.0
1144,-0.034483617778425034
1145,0.04528403059074464
1146,-0.10452231984526993
1147,-0.034472724404953664
1148,-0.047057832841118606
1149,0.08066909796497626
1150,-0.0
1151,-0.0659380473395787
1152,0.0
1153,0.0
1154,-0.06167492372818206
1155,-0.055667055999294515
1156,-0.0016031188707924257
1157,0.09639978049427217
1158,-0.040209595346582645
1159,-0.1250043280222662
1160,-0.0
1161,-0.0659380473395787
1162,0.0
1163,0.0
1164,-0.015623743207472165
1165,0.11261077251701698
1166,0.048442326391404
1167,-0.019681782571527435
1168,-0.022277090256857424
1169,0.07121182236884797
1170,-0.0
1171,-0.0659380473395787
1172,0.0
1173,0.0
1174,0.075829484564773
1175,0.030809852779910225
1176,-0.07822525660488042
1177,0.12106168041569819
1178,0.028652195788330143
1179,0.06606269929678465
1180,-0.0
1181,-0.0659380473395787
1182,0.0
1183,0.0
1184,-0.02425094192155043
1185,-0.039592018260101544
1186,0.06332511418234127
1187,-0.03536464201007242
1188,-0.05230903657619841
1189,0.03928902316436914
1190,-0.0
1191,-0.0659380473395787
1192,0.0
1193,0.0
1194,-0.020201114356130572
1195,0.09764814485012722
1196,-0.020157915509872348
1197,0.009875519011967582
1198,0.08404522314772958
1199,-0.03280472207534085
1200,-0.0
1201,-0.0659380473395787
1202,0.0
1203,0.0
1204,0.005704664613695917
1205,-0.033845331795883025
1206,0.08485199811080604
1207,0.07879026908317632
1208,0.08620088472474739
1209,-0.0333384132661091
1210,-0.0
1211,-0.0659380473395787
1212,0.0
1213,0.0
1214,-0.1531940913262127
1215,0.04133726032259637
1216,-0.10712353810489779
1217,0.037829388668881796
1218,0.00656554910438993
1219,0.0627248617228579
1220,-0.0
1221,-0.0659380473395787
1222,0.0
1223,0.0
1224,0.1545956128913188
1225,0.022361713659744403
1226,0.00976167221495613
1227,-0.021939957634464314
1228,0.008998346645053359
1229,0.07665318530505916
1230,-0.0
1231,-0.0659380473395787
1232,0.0
1233,0.0
1234,-0.0438137688516009
1235,-0.008937193342533328
1236,0.05947076753528943
1237,-0.019881136336732486
1238,-0.05586434651074062
1239,-0.053629164693956836
1240,-0.0
1241,-0.0659380473395787
1242,0.0
1243,0.0
1244,0.05989100307970309
1245,0.0037663761775627485
1246,0.024044934523874094
1247,0.0592831764121916
1248,-0.000703232100058837
1249,-0.01753296240767262
1250,-0.0
1251,-0.0659380473395787
1252,0.0
1253,0.0
1254,-0.1125237056078941
1255,0.04583368884681396
1256,-0.013766705901170604
1257,-0.002446595513664662
1258,0.07269113090376701
1259,-0.016779138639151345
1260,-0.0
1261,-0.0659380473395787
1262,0.0
1263,0.0
1264,-0.016827323384744595
1265,-0.02708521096449886
1266,-0.1310742380254124
1267,0.04502761463820721
1268,0.08037611134737983
1269,0.0463898271850962
1270,-0.0
1271,-0.0659380473395787
1272,0.0
1273,0.0
1274,-0.016229872727270066
1275,-0.02969503504249814
1276,-0.09057458320456638
1277,0.0036325208338109593
1278,0.041930040140044145
1279,-0.018892753503805405
1280,-0.0
1281,-0.0659380473395787
1282,0.0
1283,0.0
1284,-0.028131170287244222
1285,-0.10885090114200477
1286,0.037280467814929594
1287,-0.0829113519687774
1288,-0.13662438807922747
1289,0.02482980613999191
1290,-0.0
1291,-0.0659380473395787
1292,0.0
1293,0.0
1294,0.12936512880426138
1295,-0.016477787208987318
1296,-0.023903699767370695
1297,0.0397443739295381
1298,-0.122268080452731
1299,0.01925007200508547
1300,-0.0
1301,-0.0659380473395787
1302,0.0
1303,0.0
1304,-0.05269896054696219
1305,-0.025342500730837124
1306,0.049339921428725605
1307,-0.02512408316708442
1308,-0.051959003081617015
1309,0.09253920982444987
1310,-0.0
1311,-0.0659380473395787
1312,0.0
1313,0.0
1314,0.13298274710526672
1315,-0.016190458581675667
1316,-0.05272506150830288
1317,0.054101362485882765
1318,0.06103532995415263
1319,-0.13963204232656845
1320,-0.0
1321,-0.0659380473395787
1322,0.0
1323,0.0
1324,-0.04508469308106336
1325,0.07537882522478559
1326,-0.10306725094030227
1327,0.08489477143583583
1328,0.06978203968360991
1329,-0.0032956000112217164
1330,-0.0
1331,-0.0659380473395787
1332,0.0
1333,0.0
1334,-0.00886603221271024
1335,0.026784537581064582
1336,0.024506297944530554
1337,-0.006968436281954851
1338,-0.020320512626166423
1339,0.021112245686218188
1340,-0.0
1341,-0.0659380473395787
1342,0.0
1343,0.0
1344,-0.006209781319289117
1345,-0.00671389427553304
1346,-0.04936016289381244
1347,0.03412163618805094
1348,0.09140702598293186
1349,-0.03417444467510825
1350,-0.0
1351,-0.0659380473395787
1352,0.0
1353,0.0
1354,0.04670457356056189
1355,-0.06547754366515524
1356,0.08614059692901017
1357,-0.08121547975539567
1358,-0.050137369085629706
1359,0.08269898968529847
1360,-0.0
1361,-0.0659380473395787
1362,0.0
1363,0.0
1364,0.09317326207864997
1365,0.05257281982955981
1366,-0.039712435397568614
1367,0.00367321385079967
1368,0.08501645414993766
1369,0.11938776939822926
1370,-0.0
1371,-0.0659380473395787
1372,0.0
1373,0.0
1374,0.005940131210568616
1375,-0.09127499559043271
1376,0.06870454610140295
1377,-0.05245630723406751
1378,0.0027890965271796823
1379,-0.0382131618433903
1380,-0.0
1381,-0.0659380473395787
1382,0.0
1383,0.0
1384,0.001101067084656393
1385,0.025453486312024463
1386,-0.028356062798907296
1387,0.033901341924430915
1388,-0.07965086991684922
1389,0.0009908679267870422
1390,-0.0
1391,-0.0659380473395787
1392,0.0
1393,0.0
1394,-0.006089802529737878
1395,0.0005927592737072257
1396,-0.0876393466780456
1397,0.04270872947563896
1398,0.12177994559318382
1399,0.03378953157510133
1400,-0.0
1401,-0.0659380473395787
1402,0.0
1403,0.0
1404,-0.01855943665819067
1405,0.015581507181562902
1406,0.021227762470455724
1407,-0.15353904979248106
1408,0.0655805842957066
1409,-0.003085282534912615
1410,-0.0
1411,-0.0659380473395787
1412,0.0
1413,0.0
1414,-0.09405872626559009
1415,-0.10300957335569416
1416,0.08965246409948956
1417,-0.00386700909205163
1418,0.10021840638004277
1419,-0.01713525027718533
1420,-0.0
1421,-0.0659380473395787
1422,0.0
1423,0.0
1424,0.11305424035322013
1425,0.036971571790962006
1426,-0.052865139020897775
1427,-0.07007181108759782
1428,0.00591892232149128
1429,-0.03981731337926589
1430,-0.0
1431,-0.0659380473395787
1432,0.0
1433,0.0
1434,0.10179129876721132
1435,0.07124657795348428
1436,-0.08097299383265756
1437,0.006381435238392636
1438,0.06621199008323013
1439,-0.0018343557053296909
1440,-0.0
1441,-0.0659380473395787
1442,0.0
1443,0.0
1444,-0.0740616803920757
1445,0.014132640258996994
1446,0.10893740514103123
1447,-0.033460936733882146
1448,0.016337856102413884
1449,0.04563334100175354
1450,-0.0
1451,-0.0659380473395787
1452,0.0
1453,0.0
1454,0.07886590508622525
1455,0.019743070639621593
1456,0.03146730956649831
1457,-0.026511410100671103
1458,-0.011336749687501728
1459,-0.0642251575247799
1460,-0.0
1461,-0.0659380473395787
1462,0.0
1463,0.0
1464,0.027153773826968743
1465,-0.0052293218288468205
1466,-0.0867325991624487
1467,-0.04649106863012137
1468,0.09817334738216801
1469,0.08833716873937711
1470,-0.0
1471,-0.0659380473395787
1472,0.0
1473,0.0
1474,0.037765769879862555
1475,0.1316183608672413
1476,0.003950405051698704
1477,0.01279299924263536
1478,-0.020602879356712782
1479,0.06066616734078033
1480,-0.0
1481,-0.0659380473395787
1482,0.0
1483,0.0
1484,0.0858973067041119
1485,-0.058824946736479415
1486,0.02990966418901244
1487,0.032671577341486305
1488,0.001839382424608727
1489,0.11113901759198667
1490,-0.0
1491,-0.0659380473395787
1492,0.0
1493,0.0
1494,0.0495489584810186
1495,0.0037517693872083035
1496,-0.07663348753462979
1497,-0.040135861040720366
1498,0.010752168513327187
1499,0.06627382890620888
1500,-0.0
1501,-0.0659380473395787
1502,0.0
1503,0.0
1504,-0.20247888625512486
1505,0.05061881976706369
1506,0.14931902558423438
1507,0.02770456365777459
1508,-0.11400914808461804
1509,0.13323644895258335
1510,-0.0
1511,-0.0659380473395787
1512,0.0
1513,0.0
1514,0.004198072022309342
1515,0.003787517883538771
1516,-0.05348269257937121
1517,0.09039513921448981
1518,-0.0987970519629701
1519,-0.048064007026057974
1520,-0.0
1521,-0.0659380473395787
1522,0.0
1523,0.0
1524,-0.040871223455908046
1525,0.024604643828080655
1526,-0.04951157113728917
1527,0.11902701714918698
1528,0.006792405454712708
1529,-0.08147853683284524
1530,-0.0
1531,-0.0659380473395787
1532,0.0
1533,0.0
1534,0.027836049593267055
1535,-0.03223712067180469
1536,-0.10070677915846468
1537,-0.1290980339565506
1538,-0.06575288953303607
1539,0.11029724371483059
1540,-0.0
1541,-0.0659380473395787
1542,0.0
1543,0.0
1544,-0.014094073039874215
1545,-0.06036158026486197
1546,-0.023283614449412224
1547,0.05615648604924741
1548,-0.013456344564057868
1549,0.03255691830931189
1550,-0.0
1551,-0.0659380473395787
1552,0.0
1553,0.0
1554,0.06077494167696571
1555,0.013446572071800958
1556,-0.1373753734998247
1557,-0.08272225709897799
1558,0.12400658754913425
1559,-0.0917452397591703
1560,-0.0
1561,-0.0659380473395787
1562,0.0
1563,0.0
1564,0.004764764855581152
1565,-0.04710332455222332
1566,-0.02323095489821822
1567,0.05734722869339866
1568,-0.09573559239049058
1569,-0.05176424338982395
1570,-0.0
1571,-0.0659380473395787
1572,0.0
1573,0.0
1574,0.04306278766453955
1575,-0.018235960036747233
1576,0.008171841566447305
1577,-0.00866468086395181
1578,-0.09183108998867115
1579,0.08179103559699233
1580,-0.0
1581,-0.0659380473395787
1582,0.0
1583,0.0
1584,0.015263167436006706
1585,-0.05010049663131453
1586,0.12013264408847424
1587,0.005151003391203954
1588,-0.01508801803034469
1589,0.029327374680998424
1590,-0.0
1591,-0.0659380473395787
1592,0.0
1593,0.0
1594,-0.006543289823830109
1595,-0.066070706939693
1596,0.012172951798032182
1597,-0.1084800096590873
1598,-0.0730768279785122
1599,0.1318953388770651
1600,-0.0
1601,-0.0659380473395787
1602,0.0
1603,0.0
1604,-0.04088441383323723
1605,-0.05424420484228034
1606,-0.1300538978748656
1607,0.03478632144325758
1608,-0.004796410726714341
1609,0.018665876135577218
1610,-0.0
1611,-0.0659380473395787
1612,0.0
1613,0.0
1614,0.06775527084939914
1615,-0.02109294251330463
1616,0.11266362858589198
1617,-0.054177896817021426
1618,0.020923404976151458
1619,-0.004532251793558905
1620,-0.0
1621,-0.0659380473395787
1622,0.0
1623,0.0
1624,0.01458493646411425
1625,0.06449865737679218
1626,-0.06848700709638177
1627,-0.11577574212971632
1628,0.06519394104814275
1629,0.023630556517079848
1630,-0.0
1631,-0.0659380473395787
1632,0.0
1633,0.0
1634,-0.10092151307438287
1635,-0.11672334314511516
1636,0.032067581944310496
1637,-0.06574940365337538
1638,0.06057249429860377
1639,0.12105432172697084
1640,-0.0
1641,-0.0659380473395787
1642,0.0
1643,0.0
1644,-0.04563859826669639
1645,0.08950586732775229
1646,-0.137210107111914
1647,0.041310149490591315
1648,-0.02497447789158633
1649,-0.0038286171465555636
1650,-0.0
1651,-0.0659380473395787
1652,0.0
1653,0.0
1654,0.03943401028654395
1655,-0.07411766655597682
1656,-0.08670320487886042
1657,-0.06969277703072892
1658,-0.032064143486785636
1659,0.01655312046695553
1660,-0.0
1661,-0.0659380473395787
1662,0.0
1663,0.0
1664,0.01710625444141993
1665,-0.005532927771845887
1666,-0.06227195883845398
1667,0.043555150669867135
1668,-0.052748306335427916
1669,0.03746884579811131
1670,-0.0
1671,-0.0659380473395787
1672,0.0
1673,0.0
1674,0.04228435924021544
1675,0.03360645903947961
1676,0.00200785331315274
1677,0.0018579022586267576
1678,0.05478270221399457
1679,-0.10609173441368369
1680,-0.0
1681,-0.0659380473395787
1682,0.0
1683,0.0
1684,0.032472911503532105
1685,-0.10136270771416048
1686,-0.03351535196625228
1687,0.1101862163405675
1688,-0.029239424658723444
1689,-0.01647882832497441
1690,-0.0
1691,-0.0659380473395787
1692,0.0
1693,0.0
1694,-0.026330962123361078
1695,0.08924197828020335
1696,-0.013261852782204285
1697,0.03950874015934782
1698,-0.16413544147652342
1699,-0.07771509957605875
1700,-0.0
1701,-0.0659380473395787
1702,0.0
1703,0.0
1704,0.041738616667019106
1705,0.06519080044609096
1706,-0.015466659190118578
1707,-0.08851073305848949
1708,-0.056472429036371515
1709,0.027298007323710755
1710,-0.0
1711,-0.0659380473395787
1712,0.0
1713,0.0
1714,0.0033583347665980456
1715,-0.013504933798040885
1716,0.08072626759963172
1717,-0.035063472212171855
1718,0.02635482338690466
1719,-0.005784555856541385
1720,-0.0
1721,-0.0659380473395787
1722,0.0
1723,0.0
1724,-0.02435369765978874
1725,-0.011118523643316084
1726,0.0348231402403396
1727,0.07565596005493819
1728,0.12961135973749333
1729,-0.030264132902703515
1730,-0.0
1731,-0.0659380473395787
1732,0.0
1733,0.0
1734,0.014877248413155061
1735,-0.023967275266465023
1736,0.07997035373257551
1737,-0.014789456329855136
1738,0.011858849519870714
1739,0.006904994335784128
1740,-0.0
1741,-0.0659380473395787
1742,0.0
1743,0.0
1744,0.052340600391979304
1745,-0.06970796672496872
1746,0.032019574458535684
1747,-0.05047312132396001
1748,0.05862145012605162
1749,0.019735978506627734
1750,-0.0
1751,-0.0659380473395787
1752,0.0
1753,0.0
1754,0.12067842484238876
1755,-0.07815357773223182
1756,0.02982159422731297
1757,0.060189076396725646
1758,-0.09675539247894879
1759,0.022169511324614914
1760,-0.0
1761,-0.0659380473395787
1762,0.0
1763,0.0
1764,-0.0030937221053806627
1765,-0.11979892458285868
1766,-0.07220997648102823
1767,-0.04160015441312262
1768,0.030129941292726545
1769,0.024073149986808404
1770,-0.0
1771,-0.0659380473395787
1772,0.0
1773,0.0
1774,-0.057846001115240714
1775,0.024822414896813978
1776,0.0840737390787828
1777,0.01649306302932459
1778,0.031473695856187554
1779,0.051858440691525544
1780,-0.0
1781,-0.0659380473395787
1782,0.0
1783,0.0
1784,0.08364872318268321
1785,-0.09893335869807512
1786,-0.03205068717391367
1787,-0.13449854682133855
1788,-0.008480205799372172
1789,-0.014178023355738882
1790,-0.0
1791,-0.0659380473395787
1792,0.0
1793,0.0
1794,-0.00029702299749392327
1795,-0.07870064659932847
1796,-0.004674733246137566
1797,-0.02159558146713032
1798,0.054670335210834066
1799,0.08055361324667377
1800,-0.0
1801,-0.0659380473395787
1802,0.0
1803,0.0
1804,0.07066512971583075
1805,-0.1092904123788836
1806,-0.051485006922511255
1807,-0.04021909625025876
1808,-0.0644722891132051
1809,-0.05563367260644485
1810,-0.0
1811,-0.0659380473395787
1812,0.0
1813,0.0
1814,-0.006558023567111228
1815,-0.06568266253712585
1816,-0.0011348925505526887
1817,-0.013057892597215343
1818,0.04004368185920873
1819,0.15028267583567048
1820,-0.0
1821,-0.0659380473395787
1822,0.0
1823,0.0
1824,0.03409104484668324
1825,0.08013936677537502
1826,0.028480581067651264
1827,0.01066155269297577
1828,-0.05617209620235033
1829,-0.0636643159565928
1830,-0.0
1831,-0.0659380473395787
1832,0.0
1833,0.0
1834,-0.013005725822942769
1835,0.11108709960710655
1836,0.01864999220618837
1837,-0.045160843911002085
1838,0.062228068285578246
1839,-0.06805195083255938
1840,-0.0
1841,-0.0659380473395787
1842,0.0
1843,0.0
1844,0.0877216381844032
1845,0.022054197989967342
1846,0.00538672858155293
1847,0.05456682359352008
1848,0.03294371470332967
1849,-0.0057950749571771135
1850,-0.0
1851,-0.0659380473395787
1852,0.0
1853,0.0
1854,-0.028393473200799664
1855,-0.042805017791078176
1856,0.05607540800403464
1857,-0.0530760838143381
1858,0.013010196972465651
1859,0.0200084067747773
1860,-0.0
1861,-0.0659380473395787
1862,0.0
1863,0.0
1864,0.0930321365771701
1865,-0.06645350578600302
1866,-0.08334061771924771
1867,-0.07923210362481886
1868,0.017429348327050027
1869,0.029837201469108225
1870,-0.0
1871,-0.0659380473395787
1872,0.0
1873,0.0
1874,0.0031993222736544286
1875,0.01859346342108206
1876,0.016190514694888126
1877,0.13362909148610796
1878,-0.10105836152358197
1879,0.038135287122944464
1880,-0.0
1881,-0.0659380473395787
1882,0.0
1883,0.0
1884,0.02459250901322067
1885,0.09591452804093438
1886,-0.01040141154659124
1887,0.01741666694928227
1888,0.1541978041731872
1889,0.07050532219659846
1890,-0.0
1891,-0.0659380473395787
1892,0.0
1893,0.0
1894,0.0025763147994590343
1895,-0.031158435583278788
1896,0.04503010304372918
1897,0.014088083259745988
1898,0.06652154927444616
1899,-0.024593826432557173
1900,-0.0
1901,-0.0659380473395787
1902,0.0
1903,0.0
1904,-0.098098458223463
1905,0.14409804064526374
1906,0.014753801538161169
1907,-0.05976805929671647
1908,0.050657659156468984
1909,0.11410337871840452
1910,-0.0
1911,-0.0659380473395787
1912,0.0
1913,0.0
1914,0.07200276400236051
1915,0.06468410204900903
1916,-0.04472752715795087
1917,-0.11907185463345418
1918,-0.052239876060138406
1919,0.03794931629429034
1920,-0.0
1921,-0.0659380473395787
1922,0.0
1923,0.0
1924,-0.014843404944846374
1925,0.020283673675906836
1926,0.02496748344242723
1927,-0.024326288147363158
1928,-0.01880299247271926
1929,-0.013887482306352127
1930,-0.0
1931,-0.0659380473395787
1932,0.0
1933,0.0
1934,0.022770660754239745
1935,0.11418089169847208
1936,0.11560439397631778
1937,-0.05060927976971083
1938,-0.037467184003426836
1939,0.03229089561252785
1940,-0.0
1941,-0.0659380473395787
1942,0.0
1943,0.0
1944,-0.0055138008560780705
1945,-0.05283458637729123
1946,0.02737647867081571
1947,-0.11098030515675586
1948,0.05890704869005121
1949,-0.004262614384479912
1950,-0.0
1951,-0.0659380473395787
1952,0.0
1953,0.0
1954,0.09226497032893186
1955,0.09763145110263202
1956,-0.04572720585881995
1957,-0.06785409283027476
1958,-0.00948296426846373
1959,-0.04269147128184271
1960,-0.0
1961,-0.0659380473395787
1962,0.0
1963,0.0
1964,0.013074789434414178
1965,0.0010785864376638738
1966,0.016522763128262556
1967,0.021558642728317985
1968,0.0038303256605820945
1969,-0.023555820832967027
1970,-0.0
1971,-0.0659380473395787
1972,0.0
1973,0.0
1974,0.0642639287263831
1975,-0.04929658774513845
1976,0.030016163638206805
1977,0.08210998427053083
1978,0.07420558828631824
1979,0.028348400481011844
1980,-0.0
1981,-0.0659380473395787
1982,0.0
1983,0.0
1984,0.028406895677864523
1985,-9.709312150293788e-05
1986,-0.07184040774536453
1987,0.035306375533061055
1988,0.07311762225513846
1989,0.0005374213352430412
1990,-0.0
1991,-0.0659380473395787
1992,0.0
1993,0.0
1994,-0.06405369537557488
1995,-0.024414047646226417
1996,0.01079403251824264
1997,0.025929622157621783
1998,0.0025184125757534235
1999,-0.09987722047820415
2000,-0.0
2001,-0.0659380473395787
2002,0.0
2003,0.0
2004,0.03787707091438657
2005,-0.11922348212610603
2006,0.051744347091974265
2007,0.03485292201880901
2008,-0.03887650284977903
2009,0.06465711824877678
2010,-0.0
2011,-0.0659380473395787
2012,0.0
2013,0.0
2014,-0.018758386290697083
2015,0.02811511477515577
2016,0.04683426663077139
2017,-0.005836154587360598
2018,0.001688336724025933
2019,-0.03952806187256259
2020,-0.0
2021,-0.0659380473395787
2022,0.0
2023,0.0
2024,-0.018867622242544554
2025,-0.061259354272402616
2026,-0.027102878039053247
2027,-0.11271983064895778
2028,0.15785173846490894
2029,0.014926066692352897
2030,-0.0
2031,-0.0659380473395787
2032,0.0
2033,0.0
2034,0.013815983868706694
2035,0.01157146342744741
2036,0.05779872799978417
2037,-0.11017093210969298
2038,0.021535664224810368
2039,-0.09968621862788739
2040,-0.0
2041,-0.0659380473395787
2042,0.0
2043,0.0
2044,0.08991844707496952
2045,0.05548213921739416
2046,-0.04505490332465658
2047,-0.01485500858347594
2048,0.08568151602411525
2049,0.10727121348355013
2050,-0.0
2051,-0.0659380473395787
2052,0.0
2053,0.0
2054,-0.027290419298084193
2055,0.17637091392142815
2056,-0.08971433752785986
2057,0.03590219638799831
2058,0.07008151213470491
2059,0.04288702822915643
2060,-0.0
2061,-0.0659380473395787
2062,0.0
2063,0.0
2064,-0.08188041729509284
2065,0.009824842040754596
2066,0.017572491493500663
2067,-0.09215159843282265
2068,-0.001744487466660802
2069,0.06629184493008394
2070,-0.0
2071,-0.0659380473395787
2072,0.0
2073,0.0
2074,-0.01751281821566382
2075,-0.008122875647576232
2076,-0.009066562975530493
2077,-0.045278206053602735
2078,-0.018601640109415996
2079,0.031440014025334764
2080,-0.0
2081,-0.0659380473395787
2082,0.0
2083,0.0
2084,-0.013680908318155164
2085,-0.02177529152904887
2086,-0.06330545033661758
2087,0.00393673626503756
2088,0.05841619644431263
2089,-0.10667051389059702
2090,-0.0
2091,-0.0659380473395787
2092,0.0
2093,0.0
2094,-0.08554908169723756
2095,-0.06315519512863679
2096,-0.008880589771299446
2097,0.002915617437389202
2098,-0.06709397744514192
2099,-0.052795233411379046
2100,-0.0
2101,-0.0659380473395787
2102,0.0
2103,0.0
2104,0.020255588498307955
2105,0.05034073539191208
2106,-0.03132995781366635
2107,0.030491583864770654
2108,-0.029340516014222415
2109,-0.034743431360662755
2110,-0.0
2111,-0.0659380473395787
2112,0.0
2113,0.0
2114,-0.02649033792634642
2115,0.015749381966730307
2116,-0.03668295525946095
2117,0.030647326566893153
2118,-0.07116063988684738
2119,-0.08033428376896481
2120,-0.0
2121,-0.0659380473395787
2122,0.0
2123,0.0
2124,0.014265965850187886
2125,0.11440933917609718
2126,0.10372478774061711
2127,-0.03602762712907463
2128,-0.010522254979831424
2129,-0.0008429525649567758
2130,-0.0
2131,-0.0659380473395787
2132,0.0
2133,0.0
2134,-0.11201749032180297
2135,0.03960652637004782
2136,0.023085965671860678
2137,0.16453798547778659
2138,-0.010808538611997844
2139,-0.053061788984222494
2140,-0.0
2141,-0.0659380473395787
2142,0.0
2143,0.0
2144,-0.04418410132902573
2145,0.05090736674786991
2146,0.043838028237822194
2147,0.05921165501606731
2148,-0.05218023752118267
2149,-0.032636295361517874
2150,-0.0
2151,-0.0659380473395787
2152,0.0
2153,0.0
2154,-0.01633660101362791
2155,-0.030553124580118978
2156,0.015170979432679836
2157,0.03753594012490717
2158,0.015948605990837365
2159,-0.0015688987083899918
2160,-0.0
2161,-0.0659380473395787
2162,0.0
2163,0.0
2164,-0.030254674529544525
2165,-0.11222985992852555
2166,0.01969165107763969
2167,-0.028281074787195166
2168,-0.10225296279453183
2169,-0.06350591666252701
2170,-0.0
2171,-0.0659380473395787
2172,0.0
2173,0.0
2174,0.06905064383096378
2175,0.09860751606492675
2176,0.04680771045268144
2177,0.06418108120135642
2178,0.044274449655023716
2179,0.09850183077879594
2180,-0.0
2181,-0.0659380473395787
2182,0.0
2183,0.0
2184,-0.012499520482128752
2185,0.03743159916204519
2186,0.026865477971062483
2187,0.058986334331834187
2188,0.07898010871365875
2189,-0.042707321706072575
2190,-0.0
2191,-0.0659380473395787
2192,0.0
2193,0.0
2194,-0.0636912257580286
2195,-0.00013803455320164315
2196,-0.021605383908671425
2197,-0.08744814106783669
2198,-0.03321134365477198
2199,-0.024372031515396207
2200,-0.0
2201,-0.0659380473395787
2202,0.0
2203,0.0
2204,0.057728247086522695
2205,-0.010358703131376885
2206,-0.06559489076142888
2207,-0.030181018548481053
2208,-0.018561103163125894
2209,-0.04429878613241914
2210,-0.0
2211,-0.0659380473395787
2212,0.0
2213,0.0
2214,-0.054820493132903846
2215,-0.041930384279897495
2216,-0.055945260489786604
2217,-0.04755895581468285
2218,-0.1728815540722569
2219,-0.06402552838403656
2220,-0.0
2221,-0.0659380473395787
2222,0.0
2223,0.0
2224,-0.01607231523994672
2225,0.0481551546792769
2226,0.0024908086927734703
2227,0.06489359584484651
2228,-0.05709712802732894
2229,0.10507772292994165
2230,-0.0
2231,-0.0659380473395787
2232,0.0
2233,0.0
2234,0.04062759216801176
2235,-0.017208877679603274
2236,-0.032374086159622346
2237,0.06243448122626622
2238,0.046149502577327764
2239,0.0020181459690197267
2240,-0.0
2241,-0.0659380473395787
2242,0.0
2243,0.0
2244,0.013231244801292778
2245,-0.035848652443333885
2246,0.01015099894779019
2247,0.11027980147093205
2248,0.009110220805444583
2249,0.03342603005249164
2250,-0.0
2251,-0.0659380473395787
2252,0.0
2253,0.0
2254,0.08519971854867248
2255,-0.07599549882776986
2256,-0.04707441592762197
2257,0.16872583876370778
2258,-0.03400453358112836
2259,0.10193498675301078
2260,-0.0
2261,-0.0659380473395787
2262,0.0
2263,0.0
2264,-0.07345471072499432
2265,0.08849863547526765
2266,-0.04146239766102635
2267,0.023880259603542182
2268,0.10129301816163004
2269,-0.08789059102946509
2270,-0.0
2271,-0.0659380473395787
2272,0.0
2273,0.0
2274,0.10777234592076511
2275,-0.052705629420301776
2276,0.034833261499590845
2277,0.018774556600699478
2278,-0.02781971349668216
2279,-0.02235018004171339
2280,-0.0
2281,-0.0659380473395787
2282,0.0
2283,0.0
2284,-0.04407697395808091
2285,-0.10667292191825842
2286,-0.042480268275480855
2287,-0.002671393583097054
2288,0.03644760129487751
2289,0.01011196259958595
2290,-0.0
2291,-0.0659380473395787
2292,0.0
2293,0.0
2294,-0.015713799818329793
2295,0.14621484356052325
2296,-0.04135713691858654
2297,0.032460915482794485
2298,-0.09412070073977316
2299,-0.0252809004664953
2300,-0.0
2301,-0.0659380473395787
2302,0.0
2303,0.0
2304,-0.044669153745255305
2305,-0.08990493942703603
2306,-0.10724472211686865
2307,-0.021071790018743618
2308,-0.13589500905415866
2309,-0.06503547724444753
2310,-0.0
2311,-0.0659380473395787
2312,0.0
2313,0.0
2314,0.013105717704640942
2315,0.03237075317025201
2316,-0.029098370782446526
2317,0.08986229468614108
2318,0.025858457192746934
2319,0.18917071787109369
2320,-0.0
2321,-0.0659380473395787
2322,0.0
2323,0.0
2324,0.003946174105455476
2325,0.10657364885054643
2326,0.04680772572074399
2327,0.04882775990440541
2328,-0.02675267305283801
2329,-0.022400897810995357
2330,-0.0
2331,-0.0659380473395787
2332,0.0
2333,0.0
2334,0.006204664147410738
2335,-0.05895842133046807
2336,0.10791866507148776
2337,-0.00950280611167287
2338,-0.005170557492660264
2339,-0.012384425446531719
2340,-0.0
2341,-0.0659380473395787
2342,0.0
2343,0.0
2344,-0.01904442122929393
2345,0.022911940715869706
2346,0.03609012924278921
2347,0.055964363337068224
2348,-0.014851711880332494
2349,-0.15834231031281115
2350,-0.0
2351,-0.0659380473395787
2352,0.0
2353,0.0
2354,-0.0760096413152869
2355,-0.046180343432667914
2356,0.1437114311202701
2357,0.05730183575707998
2358,-0.06473966096345737
2359,0.08441899562197991
2360,-0.0
2361,-0.0659380473395787
2362,0.0
2363,0.0
2364,-0.019867417157819582
2365,0.017085677205600197
2366,0.06535642815185093
2367,-0.01694344088771903
2368,0.09122110254659739
2369,-0.004508155998145924
2370,-0.0
2371,-0.0659380473395787
2372,0.0
2373,0.0
2374,0.019817679552771122
2375,0.08875813055337035
2376,0.05581052656557916
2377,0.01889469987504049
2378,-0.06204769536063467
2379,-0.06338969537339827
2380,-0.0
2381,-0.0659380473395787
2382,0.0
2383,0.0
2384,-0.017087290518819322
2385,0.02792968542196768
2386,-0.06867940105798213
2387,-0.020866153521328507
2388,-0.007724095189640391
2389,0.01327588873096577
2390,-0.0
2391,-0.0659380473395787
2392,0.0
2393,0.0
2394,-0.08083015060031329
2395,-0.05565889488841079
2396,-0.01037831273453172
2397,-0.03906818296198336
2398,-0.14173757387129482
2399,-0.03347520072171224
2400,-0.0
2401,-0.0659380473395787
2402,0.0
2403,0.0
2404,-0.12199469875391696
2405,0.12948479945038058
2406,0.050531937606532136
2407,-0.0790338515569044
2408,-0.04128443150887283
2409,0.017420206986127763
2410,-0.0
2411,-0.0659380473395787
2412,0.0
2413,0.0
2414,0.004184533122220914
2415,-0.0262239700437684
2416,-0.007602289394906874
2417,-0.10724493499306213
2418,-0.051951984719529824
2419,-0.0005000005565832966
2420,-0.0
2421,-0.0659380473395787
2422,0.0
2423,0.0
2424,-0.09435256251107207
2425,0.005613449662259415
2426,0.01161666136461341
2427,-0.053234671996155156
2428,0.12489085128989734
2429,-0.07515799352732272
2430,-0.0
2431,-0.0659380473395787
2432,0.0
2433,0.0
2434,-0.0741931504834605
2435,0.036409454805988534
2436,0.014371686247511405
2437,-0.05454935333811581
2438,-0.014349432741809033
2439,-0.014775408313426976
2440,-0.0
2441,-0.0659380473395787
2442,0.0
2443,0.0
2444,0.04484533363450134
2445,-0.041994005109193294
2446,-0.004038558571623209
2447,-0.019671658031638322
2448,-0.0749019826429231
2449,-0.05562313771810674
2450,-0.0
2451,-0.0659380473395787
2452,0.0
2453,0.0
2454,-0.15080416729570958
2455,-0.10742753938858066
2456,0.00013407087682462335
2457,0.006554849930393006
2458,0.02571709995571428
2459,-0.012865005315002367
2460,-0.0
2461,-0.0659380473395787
2462,0.0
2463,0.0
2464,-0.027297638699018714
2465,-0.016648340679020955
2466,0.01949428791854973
2467,-0.03131267979801831
2468,-0.019486954876886644
2469,0.1082535803081545
2470,-0.0
2471,-0.0659380473395787
2472,0.0
2473,0.0
2474,-0.0886569263757684
2475,0.00920428341238226
2476,0.012608770216635456
2477,-0.025955121449853617
2478,0.031258696099847945
2479,-0.08110789789202141
2480,-0.0
2481,-0.0659380473395787
2482,0.0
2483,0.0
2484,0.05666722807544292
2485,-0.008113743623423712
2486,0.12465635972206313
2487,-0.07683096175729183
2488,-0.10814392896551331
2489,-0.07851191799794487
2490,-0.0
2491,-0.0659380473395787
2492,0.0
2493,0.0
2494,-0.05108353635050348
2495,0.07062328130104466
2496,-0.01456512929505617
2497,0.022429703397073494
2498,0.05041373149588957
2499,0.06400513469544761
2500,0.00709568251901506
2501,-0.015554411053981665
2502,-0.020660981708511654
2503,-0.00358583739158803
2504,-0.005471944398340715
2505,0.00929201441594967
2506,-0.006879933033651309
2507,-0.02213204520150726
2508,-0.004834020307646484
2509,-0.003749525228178609
